{
  "rulesDirectory": [
    "node_modules/codelyzer"
  ],
  "rules": {
    "class-name": true,
    "comment-format": [
      true,
      "check-space"
    ],
    "curly": true,
    "eofline": true,
    "forin": true,
    "import-spacing": true,
    "indent": [
      true,
      "spaces",
      2
    ],
    "label-position": true,
    "max-line-length": [
      true,
      140
    ],
    "member-access": false,
    "member-ordering": [
      true,
      {
        "order": [
          "public-static-field",
          "protected-static-field",
          "private-static-field",
          "public-static-method",
          "protected-static-method",
          "private-static-method",
          "public-instance-field",
          "protected-instance-field",
          "private-instance-field",
          "public-constructor",
          "protected-constructor",
          "private-constructor",
          "public-instance-method",
          "protected-instance-method",
          "private-instance-method"
        ]
      }
    ],
    "no-arg": true,
    "no-bitwise": true,
    "no-console": [
      true,
      "debug",
      "info",
      "time",
      "timeEnd",
      "trace"
    ],
    "no-construct": true,
    "no-debugger": true,
    "no-duplicate-variable": true,
    "no-empty": false,
    "no-eval": true,
    "no-inferrable-types": true,
    "no-shadowed-variable": false,
    "no-string-literal": false,
    "no-switch-case-fall-through": true,
    "no-trailing-whitespace": true,
    "no-unused-expression": true,
    "no-use-before-declare": true,
    "no-var-keyword": true,
    "object-literal-sort-keys": false,
    "one-line": [
      true,
      "check-open-brace",
      "check-catch",
      "check-else",
      "check-whitespace"
    ],
    "quotemark": [
      true,
      "single"
    ],
    "radix": true,
    "semicolon": [
      true,
      "always",
      "ignore-bound-class-methods"
    ],
    "trailing-comma": [
      true,
      {
        "esSpecCompliant": true
      }
    ],
    "triple-equals": [
      true,
      "allow-null-check",
      "allow-undefined-check"
    ],
    "typedef-whitespace": [
      true,
      {
        "call-signature": "nospace",
        "index-signature": "nospace",
        "parameter": "nospace",
        "property-declaration": "nospace",
        "variable-declaration": "nospace"
      }
    ],
    "variable-name": [
      true,
      "ban-keywords",
      "check-format",
      "allow-leading-underscore"
    ],
    "whitespace": [
      true,
      "check-branch",
      "check-decl",
      "check-operator",
      "check-module",
      "check-separator",
      "check-rest-spread",
      "check-type",
      "check-preblock"
    ],
    "directive-selector": [
      true,
      "attribute",
      [
        "ai",
        "sc",
        "app",
        "test"
      ],
      "camelCase"
    ],
    "component-selector": [
      true,
      "element",
      [
        "ai",
        "sc",
        "app",
        "test"
      ],
      "kebab-case"
    ],
    "no-inputs-metadata-property": true,
    "no-outputs-metadata-property": true,
    "no-host-metadata-property": true,
    "no-attribute-decorator": true,
    "no-input-rename": true,
    "no-output-rename": true,
    "no-forward-ref": true,
    "use-lifecycle-interface": true,
    "use-pipe-transform-interface": true
  }
}
